,DayofYear,Date,Month,Year,Time(Hrs),Dst Index
195745,121,01,05,1997,00,-25.00
195746,121,01,05,1997,01,-21.00
195747,121,01,05,1997,02,-16.00
195748,121,01,05,1997,03,-12.00
195749,121,01,05,1997,04,-10.00
195750,121,01,05,1997,05,-6.00
195751,121,01,05,1997,06,-10.00
195752,121,01,05,1997,07,-17.00
195753,121,01,05,1997,08,-18.00
195754,121,01,05,1997,09,-18.00
195755,121,01,05,1997,10,-14.00
195756,121,01,05,1997,11,-12.00
195757,121,01,05,1997,12,-9.00
195758,121,01,05,1997,13,2.00
195759,121,01,05,1997,14,5.00
195760,121,01,05,1997,15,-1.00
195761,121,01,05,1997,16,4.00
195762,121,01,05,1997,17,-10.00
195763,121,01,05,1997,18,-12.00
195764,121,01,05,1997,19,-30.00
195765,121,01,05,1997,20,-48.00
195766,121,01,05,1997,21,-56.00
195767,121,01,05,1997,22,-56.00
195768,121,01,05,1997,23,-63.00
195769,122,02,05,1997,00,-64.00
195770,122,02,05,1997,01,-55.00
195771,122,02,05,1997,02,-53.00
195772,122,02,05,1997,03,-51.00
195773,122,02,05,1997,04,-49.00
195774,122,02,05,1997,05,-48.00
195775,122,02,05,1997,06,-44.00
195776,122,02,05,1997,07,-40.00
195777,122,02,05,1997,08,-35.00
195778,122,02,05,1997,09,-30.00
195779,122,02,05,1997,10,-31.00
195780,122,02,05,1997,11,-31.00
195781,122,02,05,1997,12,-31.00
195782,122,02,05,1997,13,-32.00
195783,122,02,05,1997,14,-30.00
195784,122,02,05,1997,15,-26.00
195785,122,02,05,1997,16,-27.00
195786,122,02,05,1997,17,-26.00
195787,122,02,05,1997,18,-27.00
195788,122,02,05,1997,19,-27.00
195789,122,02,05,1997,20,-25.00
195790,122,02,05,1997,21,-22.00
195791,122,02,05,1997,22,-24.00
195792,122,02,05,1997,23,-24.00
195793,123,03,05,1997,00,-19.00
195794,123,03,05,1997,01,-19.00
195795,123,03,05,1997,02,-19.00
195796,123,03,05,1997,03,-18.00
195797,123,03,05,1997,04,-19.00
195798,123,03,05,1997,05,-19.00
195799,123,03,05,1997,06,-18.00
195800,123,03,05,1997,07,-19.00
195801,123,03,05,1997,08,-19.00
195802,123,03,05,1997,09,-24.00
195803,123,03,05,1997,10,-28.00
195804,123,03,05,1997,11,-27.00
195805,123,03,05,1997,12,-21.00
195806,123,03,05,1997,13,-19.00
195807,123,03,05,1997,14,-24.00
195808,123,03,05,1997,15,-27.00
195809,123,03,05,1997,16,-30.00
195810,123,03,05,1997,17,-26.00
195811,123,03,05,1997,18,-28.00
195812,123,03,05,1997,19,-30.00
195813,123,03,05,1997,20,-28.00
195814,123,03,05,1997,21,-26.00
195815,123,03,05,1997,22,-23.00
195816,123,03,05,1997,23,-23.00
195817,124,04,05,1997,00,-22.00
195818,124,04,05,1997,01,-21.00
195819,124,04,05,1997,02,-20.00
195820,124,04,05,1997,03,-18.00
195821,124,04,05,1997,04,-16.00
195822,124,04,05,1997,05,-17.00
195823,124,04,05,1997,06,-20.00
195824,124,04,05,1997,07,-19.00
195825,124,04,05,1997,08,-17.00
195826,124,04,05,1997,09,-16.00
195827,124,04,05,1997,10,-15.00
195828,124,04,05,1997,11,-15.00
195829,124,04,05,1997,12,-16.00
195830,124,04,05,1997,13,-21.00
195831,124,04,05,1997,14,-20.00
195832,124,04,05,1997,15,-19.00
195833,124,04,05,1997,16,-18.00
195834,124,04,05,1997,17,-20.00
195835,124,04,05,1997,18,-23.00
195836,124,04,05,1997,19,-23.00
195837,124,04,05,1997,20,-25.00
195838,124,04,05,1997,21,-24.00
195839,124,04,05,1997,22,-18.00
195840,124,04,05,1997,23,-13.00
195841,125,05,05,1997,00,-11.00
195842,125,05,05,1997,01,-11.00
195843,125,05,05,1997,02,-5.00
195844,125,05,05,1997,03,-5.00
195845,125,05,05,1997,04,-9.00
195846,125,05,05,1997,05,-10.00
195847,125,05,05,1997,06,-11.00
195848,125,05,05,1997,07,-11.00
195849,125,05,05,1997,08,-16.00
195850,125,05,05,1997,09,-18.00
195851,125,05,05,1997,10,-17.00
195852,125,05,05,1997,11,-21.00
195853,125,05,05,1997,12,-19.00
195854,125,05,05,1997,13,-18.00
195855,125,05,05,1997,14,-18.00
195856,125,05,05,1997,15,-20.00
195857,125,05,05,1997,16,-18.00
195858,125,05,05,1997,17,-16.00
195859,125,05,05,1997,18,-15.00
195860,125,05,05,1997,19,-18.00
195861,125,05,05,1997,20,-20.00
195862,125,05,05,1997,21,-19.00
195863,125,05,05,1997,22,-16.00
195864,125,05,05,1997,23,-14.00
195865,126,06,05,1997,00,-13.00
195866,126,06,05,1997,01,-11.00
195867,126,06,05,1997,02,-8.00
195868,126,06,05,1997,03,-6.00
195869,126,06,05,1997,04,-6.00
195870,126,06,05,1997,05,-10.00
195871,126,06,05,1997,06,-11.00
195872,126,06,05,1997,07,-12.00
195873,126,06,05,1997,08,-12.00
195874,126,06,05,1997,09,-11.00
195875,126,06,05,1997,10,-12.00
195876,126,06,05,1997,11,-14.00
195877,126,06,05,1997,12,-16.00
195878,126,06,05,1997,13,-17.00
195879,126,06,05,1997,14,-17.00
195880,126,06,05,1997,15,-16.00
195881,126,06,05,1997,16,-15.00
195882,126,06,05,1997,17,-17.00
195883,126,06,05,1997,18,-23.00
195884,126,06,05,1997,19,-23.00
195885,126,06,05,1997,20,-21.00
195886,126,06,05,1997,21,-19.00
195887,126,06,05,1997,22,-21.00
195888,126,06,05,1997,23,-19.00
195889,127,07,05,1997,00,-19.00
195890,127,07,05,1997,01,-18.00
195891,127,07,05,1997,02,-16.00
195892,127,07,05,1997,03,-11.00
195893,127,07,05,1997,04,-12.00
195894,127,07,05,1997,05,-13.00
195895,127,07,05,1997,06,-14.00
195896,127,07,05,1997,07,-14.00
195897,127,07,05,1997,08,-11.00
195898,127,07,05,1997,09,-10.00
195899,127,07,05,1997,10,-9.00
195900,127,07,05,1997,11,-8.00
195901,127,07,05,1997,12,-8.00
195902,127,07,05,1997,13,-6.00
195903,127,07,05,1997,14,-4.00
195904,127,07,05,1997,15,-2.00
195905,127,07,05,1997,16,-4.00
195906,127,07,05,1997,17,-4.00
195907,127,07,05,1997,18,-3.00
195908,127,07,05,1997,19,-3.00
195909,127,07,05,1997,20,-1.00
195910,127,07,05,1997,21,-5.00
195911,127,07,05,1997,22,-9.00
195912,127,07,05,1997,23,-9.00
195913,128,08,05,1997,00,-8.00
195914,128,08,05,1997,01,-8.00
195915,128,08,05,1997,02,-6.00
195916,128,08,05,1997,03,-6.00
195917,128,08,05,1997,04,-4.00
195918,128,08,05,1997,05,-4.00
195919,128,08,05,1997,06,-4.00
195920,128,08,05,1997,07,-8.00
195921,128,08,05,1997,08,-12.00
195922,128,08,05,1997,09,-14.00
195923,128,08,05,1997,10,-12.00
195924,128,08,05,1997,11,-11.00
195925,128,08,05,1997,12,-9.00
195926,128,08,05,1997,13,-7.00
195927,128,08,05,1997,14,-6.00
195928,128,08,05,1997,15,-3.00
195929,128,08,05,1997,16,-4.00
195930,128,08,05,1997,17,-2.00
195931,128,08,05,1997,18,-1.00
195932,128,08,05,1997,19,-2.00
195933,128,08,05,1997,20,-1.00
195934,128,08,05,1997,21,0.00
195935,128,08,05,1997,22,0.00
195936,128,08,05,1997,23,-2.00
195937,129,09,05,1997,00,-1.00
195938,129,09,05,1997,01,0.00
195939,129,09,05,1997,02,-2.00
195940,129,09,05,1997,03,-5.00
195941,129,09,05,1997,04,-4.00
195942,129,09,05,1997,05,-3.00
195943,129,09,05,1997,06,-5.00
195944,129,09,05,1997,07,-12.00
195945,129,09,05,1997,08,-17.00
195946,129,09,05,1997,09,-15.00
195947,129,09,05,1997,10,-12.00
195948,129,09,05,1997,11,-9.00
195949,129,09,05,1997,12,-11.00
195950,129,09,05,1997,13,-13.00
195951,129,09,05,1997,14,-13.00
195952,129,09,05,1997,15,-11.00
195953,129,09,05,1997,16,-8.00
195954,129,09,05,1997,17,-7.00
195955,129,09,05,1997,18,-10.00
195956,129,09,05,1997,19,-11.00
195957,129,09,05,1997,20,-11.00
195958,129,09,05,1997,21,-10.00
195959,129,09,05,1997,22,-7.00
195960,129,09,05,1997,23,-6.00
195961,130,10,05,1997,00,-4.00
195962,130,10,05,1997,01,-3.00
195963,130,10,05,1997,02,-1.00
195964,130,10,05,1997,03,3.00
195965,130,10,05,1997,04,6.00
195966,130,10,05,1997,05,2.00
195967,130,10,05,1997,06,-6.00
195968,130,10,05,1997,07,-8.00
195969,130,10,05,1997,08,-4.00
195970,130,10,05,1997,09,2.00
195971,130,10,05,1997,10,4.00
195972,130,10,05,1997,11,1.00
195973,130,10,05,1997,12,-4.00
195974,130,10,05,1997,13,-9.00
195975,130,10,05,1997,14,-8.00
195976,130,10,05,1997,15,-6.00
195977,130,10,05,1997,16,-6.00
195978,130,10,05,1997,17,-6.00
195979,130,10,05,1997,18,-4.00
195980,130,10,05,1997,19,-4.00
195981,130,10,05,1997,20,-3.00
195982,130,10,05,1997,21,1.00
195983,130,10,05,1997,22,-4.00
195984,130,10,05,1997,23,-9.00
195985,131,11,05,1997,00,-13.00
195986,131,11,05,1997,01,-11.00
195987,131,11,05,1997,02,-6.00
195988,131,11,05,1997,03,1.00
195989,131,11,05,1997,04,4.00
195990,131,11,05,1997,05,3.00
195991,131,11,05,1997,06,3.00
195992,131,11,05,1997,07,-8.00
195993,131,11,05,1997,08,-7.00
195994,131,11,05,1997,09,-3.00
195995,131,11,05,1997,10,-1.00
195996,131,11,05,1997,11,1.00
195997,131,11,05,1997,12,-2.00
195998,131,11,05,1997,13,-6.00
195999,131,11,05,1997,14,-7.00
196000,131,11,05,1997,15,-8.00
196001,131,11,05,1997,16,-8.00
196002,131,11,05,1997,17,-7.00
196003,131,11,05,1997,18,-7.00
196004,131,11,05,1997,19,-8.00
196005,131,11,05,1997,20,-8.00
196006,131,11,05,1997,21,-7.00
196007,131,11,05,1997,22,-5.00
196008,131,11,05,1997,23,-3.00
196009,132,12,05,1997,00,-2.00
196010,132,12,05,1997,01,-1.00
196011,132,12,05,1997,02,0.00
196012,132,12,05,1997,03,1.00
196013,132,12,05,1997,04,0.00
196014,132,12,05,1997,05,1.00
196015,132,12,05,1997,06,2.00
196016,132,12,05,1997,07,0.00
196017,132,12,05,1997,08,0.00
196018,132,12,05,1997,09,2.00
196019,132,12,05,1997,10,3.00
196020,132,12,05,1997,11,2.00
196021,132,12,05,1997,12,0.00
196022,132,12,05,1997,13,-1.00
196023,132,12,05,1997,14,0.00
196024,132,12,05,1997,15,1.00
196025,132,12,05,1997,16,1.00
196026,132,12,05,1997,17,1.00
196027,132,12,05,1997,18,4.00
196028,132,12,05,1997,19,3.00
196029,132,12,05,1997,20,4.00
196030,132,12,05,1997,21,4.00
196031,132,12,05,1997,22,5.00
196032,132,12,05,1997,23,4.00
196033,133,13,05,1997,00,4.00
196034,133,13,05,1997,01,4.00
196035,133,13,05,1997,02,4.00
196036,133,13,05,1997,03,5.00
196037,133,13,05,1997,04,4.00
196038,133,13,05,1997,05,4.00
196039,133,13,05,1997,06,6.00
196040,133,13,05,1997,07,7.00
196041,133,13,05,1997,08,5.00
196042,133,13,05,1997,09,8.00
196043,133,13,05,1997,10,8.00
196044,133,13,05,1997,11,7.00
196045,133,13,05,1997,12,5.00
196046,133,13,05,1997,13,4.00
196047,133,13,05,1997,14,4.00
196048,133,13,05,1997,15,3.00
196049,133,13,05,1997,16,3.00
196050,133,13,05,1997,17,1.00
196051,133,13,05,1997,18,1.00
196052,133,13,05,1997,19,3.00
196053,133,13,05,1997,20,6.00
196054,133,13,05,1997,21,8.00
196055,133,13,05,1997,22,7.00
196056,133,13,05,1997,23,6.00
196057,134,14,05,1997,00,8.00
196058,134,14,05,1997,01,9.00
196059,134,14,05,1997,02,9.00
196060,134,14,05,1997,03,8.00
196061,134,14,05,1997,04,7.00
196062,134,14,05,1997,05,7.00
196063,134,14,05,1997,06,6.00
196064,134,14,05,1997,07,7.00
196065,134,14,05,1997,08,7.00
196066,134,14,05,1997,09,10.00
196067,134,14,05,1997,10,12.00
196068,134,14,05,1997,11,12.00
196069,134,14,05,1997,12,8.00
196070,134,14,05,1997,13,6.00
196071,134,14,05,1997,14,6.00
196072,134,14,05,1997,15,4.00
196073,134,14,05,1997,16,8.00
196074,134,14,05,1997,17,6.00
196075,134,14,05,1997,18,-2.00
196076,134,14,05,1997,19,0.00
196077,134,14,05,1997,20,2.00
196078,134,14,05,1997,21,-1.00
196079,134,14,05,1997,22,-2.00
196080,134,14,05,1997,23,-4.00
196081,135,15,05,1997,00,-3.00
196082,135,15,05,1997,01,-1.00
196083,135,15,05,1997,02,18.00
196084,135,15,05,1997,03,9.00
196085,135,15,05,1997,04,-1.00
196086,135,15,05,1997,05,0.00
196087,135,15,05,1997,06,-9.00
196088,135,15,05,1997,07,-70.00
196089,135,15,05,1997,08,-100.00
196090,135,15,05,1997,09,-90.00
196091,135,15,05,1997,10,-102.00
196092,135,15,05,1997,11,-114.00
196093,135,15,05,1997,12,-115.00
196094,135,15,05,1997,13,-111.00
196095,135,15,05,1997,14,-111.00
196096,135,15,05,1997,15,-107.00
196097,135,15,05,1997,16,-95.00
196098,135,15,05,1997,17,-88.00
196099,135,15,05,1997,18,-84.00
196100,135,15,05,1997,19,-78.00
196101,135,15,05,1997,20,-74.00
196102,135,15,05,1997,21,-64.00
196103,135,15,05,1997,22,-51.00
196104,135,15,05,1997,23,-50.00
196105,136,16,05,1997,00,-42.00
196106,136,16,05,1997,01,-29.00
196107,136,16,05,1997,02,-31.00
196108,136,16,05,1997,03,-39.00
196109,136,16,05,1997,04,-41.00
196110,136,16,05,1997,05,-38.00
196111,136,16,05,1997,06,-34.00
196112,136,16,05,1997,07,-38.00
196113,136,16,05,1997,08,-40.00
196114,136,16,05,1997,09,-40.00
196115,136,16,05,1997,10,-36.00
196116,136,16,05,1997,11,-34.00
196117,136,16,05,1997,12,-35.00
196118,136,16,05,1997,13,-41.00
196119,136,16,05,1997,14,-44.00
196120,136,16,05,1997,15,-44.00
196121,136,16,05,1997,16,-47.00
196122,136,16,05,1997,17,-45.00
196123,136,16,05,1997,18,-44.00
196124,136,16,05,1997,19,-45.00
196125,136,16,05,1997,20,-44.00
196126,136,16,05,1997,21,-44.00
196127,136,16,05,1997,22,-43.00
196128,136,16,05,1997,23,-45.00
196129,137,17,05,1997,00,-48.00
196130,137,17,05,1997,01,-49.00
196131,137,17,05,1997,02,-51.00
196132,137,17,05,1997,03,-50.00
196133,137,17,05,1997,04,-48.00
196134,137,17,05,1997,05,-46.00
196135,137,17,05,1997,06,-46.00
196136,137,17,05,1997,07,-45.00
196137,137,17,05,1997,08,-44.00
196138,137,17,05,1997,09,-37.00
196139,137,17,05,1997,10,-34.00
196140,137,17,05,1997,11,-35.00
196141,137,17,05,1997,12,-33.00
196142,137,17,05,1997,13,-33.00
196143,137,17,05,1997,14,-31.00
196144,137,17,05,1997,15,-29.00
196145,137,17,05,1997,16,-30.00
196146,137,17,05,1997,17,-35.00
196147,137,17,05,1997,18,-40.00
196148,137,17,05,1997,19,-40.00
196149,137,17,05,1997,20,-39.00
196150,137,17,05,1997,21,-36.00
196151,137,17,05,1997,22,-34.00
196152,137,17,05,1997,23,-35.00
196153,138,18,05,1997,00,-35.00
196154,138,18,05,1997,01,-31.00
196155,138,18,05,1997,02,-30.00
196156,138,18,05,1997,03,-31.00
196157,138,18,05,1997,04,-31.00
196158,138,18,05,1997,05,-33.00
196159,138,18,05,1997,06,-32.00
196160,138,18,05,1997,07,-31.00
196161,138,18,05,1997,08,-27.00
196162,138,18,05,1997,09,-24.00
196163,138,18,05,1997,10,-22.00
196164,138,18,05,1997,11,-23.00
196165,138,18,05,1997,12,-23.00
196166,138,18,05,1997,13,-17.00
196167,138,18,05,1997,14,-13.00
196168,138,18,05,1997,15,-16.00
196169,138,18,05,1997,16,-16.00
196170,138,18,05,1997,17,-10.00
196171,138,18,05,1997,18,-8.00
196172,138,18,05,1997,19,-10.00
196173,138,18,05,1997,20,-13.00
196174,138,18,05,1997,21,-17.00
196175,138,18,05,1997,22,-21.00
196176,138,18,05,1997,23,-21.00
196177,139,19,05,1997,00,-20.00
196178,139,19,05,1997,01,-21.00
196179,139,19,05,1997,02,-19.00
196180,139,19,05,1997,03,-18.00
196181,139,19,05,1997,04,-16.00
196182,139,19,05,1997,05,-17.00
196183,139,19,05,1997,06,-20.00
196184,139,19,05,1997,07,-20.00
196185,139,19,05,1997,08,-20.00
196186,139,19,05,1997,09,-16.00
196187,139,19,05,1997,10,-14.00
196188,139,19,05,1997,11,-12.00
196189,139,19,05,1997,12,-12.00
196190,139,19,05,1997,13,-9.00
196191,139,19,05,1997,14,-9.00
196192,139,19,05,1997,15,-12.00
196193,139,19,05,1997,16,-12.00
196194,139,19,05,1997,17,-15.00
196195,139,19,05,1997,18,-16.00
196196,139,19,05,1997,19,-16.00
196197,139,19,05,1997,20,-16.00
196198,139,19,05,1997,21,-16.00
196199,139,19,05,1997,22,-16.00
196200,139,19,05,1997,23,-18.00
196201,140,20,05,1997,00,-16.00
196202,140,20,05,1997,01,-16.00
196203,140,20,05,1997,02,-15.00
196204,140,20,05,1997,03,-15.00
196205,140,20,05,1997,04,-16.00
196206,140,20,05,1997,05,-17.00
196207,140,20,05,1997,06,-3.00
196208,140,20,05,1997,07,1.00
196209,140,20,05,1997,08,3.00
196210,140,20,05,1997,09,4.00
196211,140,20,05,1997,10,5.00
196212,140,20,05,1997,11,0.00
196213,140,20,05,1997,12,-2.00
196214,140,20,05,1997,13,1.00
196215,140,20,05,1997,14,1.00
196216,140,20,05,1997,15,-1.00
196217,140,20,05,1997,16,-9.00
196218,140,20,05,1997,17,-11.00
196219,140,20,05,1997,18,-13.00
196220,140,20,05,1997,19,-17.00
196221,140,20,05,1997,20,-17.00
196222,140,20,05,1997,21,-13.00
196223,140,20,05,1997,22,-13.00
196224,140,20,05,1997,23,-15.00
196225,141,21,05,1997,00,-17.00
196226,141,21,05,1997,01,-15.00
196227,141,21,05,1997,02,-12.00
196228,141,21,05,1997,03,-10.00
196229,141,21,05,1997,04,-9.00
196230,141,21,05,1997,05,-8.00
196231,141,21,05,1997,06,-10.00
196232,141,21,05,1997,07,-9.00
196233,141,21,05,1997,08,-10.00
196234,141,21,05,1997,09,-10.00
196235,141,21,05,1997,10,-8.00
196236,141,21,05,1997,11,-6.00
196237,141,21,05,1997,12,-4.00
196238,141,21,05,1997,13,-3.00
196239,141,21,05,1997,14,-1.00
196240,141,21,05,1997,15,-4.00
196241,141,21,05,1997,16,-7.00
196242,141,21,05,1997,17,-5.00
196243,141,21,05,1997,18,-1.00
196244,141,21,05,1997,19,-3.00
196245,141,21,05,1997,20,-5.00
196246,141,21,05,1997,21,-5.00
196247,141,21,05,1997,22,-5.00
196248,141,21,05,1997,23,-6.00
196249,142,22,05,1997,00,-7.00
196250,142,22,05,1997,01,-5.00
196251,142,22,05,1997,02,1.00
196252,142,22,05,1997,03,2.00
196253,142,22,05,1997,04,2.00
196254,142,22,05,1997,05,-2.00
196255,142,22,05,1997,06,-6.00
196256,142,22,05,1997,07,-7.00
196257,142,22,05,1997,08,-6.00
196258,142,22,05,1997,09,-4.00
196259,142,22,05,1997,10,-2.00
196260,142,22,05,1997,11,0.00
196261,142,22,05,1997,12,3.00
196262,142,22,05,1997,13,4.00
196263,142,22,05,1997,14,4.00
196264,142,22,05,1997,15,5.00
196265,142,22,05,1997,16,8.00
196266,142,22,05,1997,17,9.00
196267,142,22,05,1997,18,4.00
196268,142,22,05,1997,19,-2.00
196269,142,22,05,1997,20,-4.00
196270,142,22,05,1997,21,-7.00
196271,142,22,05,1997,22,-9.00
196272,142,22,05,1997,23,-10.00
196273,143,23,05,1997,00,-9.00
196274,143,23,05,1997,01,-8.00
196275,143,23,05,1997,02,-8.00
196276,143,23,05,1997,03,-6.00
196277,143,23,05,1997,04,-5.00
196278,143,23,05,1997,05,-4.00
196279,143,23,05,1997,06,-6.00
196280,143,23,05,1997,07,-4.00
196281,143,23,05,1997,08,-3.00
196282,143,23,05,1997,09,-4.00
196283,143,23,05,1997,10,-4.00
196284,143,23,05,1997,11,-3.00
196285,143,23,05,1997,12,-2.00
196286,143,23,05,1997,13,2.00
196287,143,23,05,1997,14,3.00
196288,143,23,05,1997,15,4.00
196289,143,23,05,1997,16,6.00
196290,143,23,05,1997,17,7.00
196291,143,23,05,1997,18,7.00
196292,143,23,05,1997,19,6.00
196293,143,23,05,1997,20,4.00
196294,143,23,05,1997,21,3.00
196295,143,23,05,1997,22,0.00
196296,143,23,05,1997,23,-3.00
196297,144,24,05,1997,00,2.00
196298,144,24,05,1997,01,3.00
196299,144,24,05,1997,02,4.00
196300,144,24,05,1997,03,5.00
196301,144,24,05,1997,04,7.00
196302,144,24,05,1997,05,9.00
196303,144,24,05,1997,06,10.00
196304,144,24,05,1997,07,11.00
196305,144,24,05,1997,08,7.00
196306,144,24,05,1997,09,-1.00
196307,144,24,05,1997,10,-7.00
196308,144,24,05,1997,11,-6.00
196309,144,24,05,1997,12,-4.00
196310,144,24,05,1997,13,-3.00
196311,144,24,05,1997,14,-2.00
196312,144,24,05,1997,15,0.00
196313,144,24,05,1997,16,-5.00
196314,144,24,05,1997,17,-14.00
196315,144,24,05,1997,18,-21.00
196316,144,24,05,1997,19,-24.00
196317,144,24,05,1997,20,-25.00
196318,144,24,05,1997,21,-23.00
196319,144,24,05,1997,22,-25.00
196320,144,24,05,1997,23,-29.00
196321,145,25,05,1997,00,-26.00
196322,145,25,05,1997,01,-24.00
196323,145,25,05,1997,02,-22.00
196324,145,25,05,1997,03,-23.00
196325,145,25,05,1997,04,-21.00
196326,145,25,05,1997,05,-23.00
196327,145,25,05,1997,06,-23.00
196328,145,25,05,1997,07,-21.00
196329,145,25,05,1997,08,-17.00
196330,145,25,05,1997,09,-13.00
196331,145,25,05,1997,10,-11.00
196332,145,25,05,1997,11,-12.00
196333,145,25,05,1997,12,-13.00
196334,145,25,05,1997,13,-12.00
196335,145,25,05,1997,14,-8.00
196336,145,25,05,1997,15,0.00
196337,145,25,05,1997,16,4.00
196338,145,25,05,1997,17,6.00
196339,145,25,05,1997,18,5.00
196340,145,25,05,1997,19,4.00
196341,145,25,05,1997,20,3.00
196342,145,25,05,1997,21,2.00
196343,145,25,05,1997,22,2.00
196344,145,25,05,1997,23,-1.00
196345,146,26,05,1997,00,0.00
196346,146,26,05,1997,01,4.00
196347,146,26,05,1997,02,6.00
196348,146,26,05,1997,03,4.00
196349,146,26,05,1997,04,2.00
196350,146,26,05,1997,05,2.00
196351,146,26,05,1997,06,3.00
196352,146,26,05,1997,07,3.00
196353,146,26,05,1997,08,1.00
196354,146,26,05,1997,09,2.00
196355,146,26,05,1997,10,12.00
196356,146,26,05,1997,11,12.00
196357,146,26,05,1997,12,4.00
196358,146,26,05,1997,13,0.00
196359,146,26,05,1997,14,-1.00
196360,146,26,05,1997,15,2.00
196361,146,26,05,1997,16,-3.00
196362,146,26,05,1997,17,-7.00
196363,146,26,05,1997,18,-10.00
196364,146,26,05,1997,19,-11.00
196365,146,26,05,1997,20,-11.00
196366,146,26,05,1997,21,-12.00
196367,146,26,05,1997,22,-18.00
196368,146,26,05,1997,23,-29.00
196369,147,27,05,1997,00,-41.00
196370,147,27,05,1997,01,-51.00
196371,147,27,05,1997,02,-58.00
196372,147,27,05,1997,03,-68.00
196373,147,27,05,1997,04,-73.00
196374,147,27,05,1997,05,-71.00
196375,147,27,05,1997,06,-73.00
196376,147,27,05,1997,07,-67.00
196377,147,27,05,1997,08,-58.00
196378,147,27,05,1997,09,-53.00
196379,147,27,05,1997,10,-50.00
196380,147,27,05,1997,11,-45.00
196381,147,27,05,1997,12,-42.00
196382,147,27,05,1997,13,-40.00
196383,147,27,05,1997,14,-40.00
196384,147,27,05,1997,15,-41.00
196385,147,27,05,1997,16,-45.00
196386,147,27,05,1997,17,-47.00
196387,147,27,05,1997,18,-49.00
196388,147,27,05,1997,19,-49.00
196389,147,27,05,1997,20,-45.00
196390,147,27,05,1997,21,-41.00
196391,147,27,05,1997,22,-37.00
196392,147,27,05,1997,23,-31.00
196393,148,28,05,1997,00,-31.00
196394,148,28,05,1997,01,-26.00
196395,148,28,05,1997,02,-23.00
196396,148,28,05,1997,03,-25.00
196397,148,28,05,1997,04,-24.00
196398,148,28,05,1997,05,-24.00
196399,148,28,05,1997,06,-23.00
196400,148,28,05,1997,07,-23.00
196401,148,28,05,1997,08,-24.00
196402,148,28,05,1997,09,-22.00
196403,148,28,05,1997,10,-21.00
196404,148,28,05,1997,11,-22.00
196405,148,28,05,1997,12,-27.00
196406,148,28,05,1997,13,-24.00
196407,148,28,05,1997,14,-19.00
196408,148,28,05,1997,15,-16.00
196409,148,28,05,1997,16,-17.00
196410,148,28,05,1997,17,-17.00
196411,148,28,05,1997,18,-19.00
196412,148,28,05,1997,19,-20.00
196413,148,28,05,1997,20,-18.00
196414,148,28,05,1997,21,-17.00
196415,148,28,05,1997,22,-15.00
196416,148,28,05,1997,23,-14.00
196417,149,29,05,1997,00,-15.00
196418,149,29,05,1997,01,-14.00
196419,149,29,05,1997,02,-14.00
196420,149,29,05,1997,03,-14.00
196421,149,29,05,1997,04,-13.00
196422,149,29,05,1997,05,-13.00
196423,149,29,05,1997,06,-11.00
196424,149,29,05,1997,07,-10.00
196425,149,29,05,1997,08,-12.00
196426,149,29,05,1997,09,-12.00
196427,149,29,05,1997,10,-11.00
196428,149,29,05,1997,11,-11.00
196429,149,29,05,1997,12,-11.00
196430,149,29,05,1997,13,-11.00
196431,149,29,05,1997,14,-11.00
196432,149,29,05,1997,15,-11.00
196433,149,29,05,1997,16,-11.00
196434,149,29,05,1997,17,-9.00
196435,149,29,05,1997,18,-7.00
196436,149,29,05,1997,19,-7.00
196437,149,29,05,1997,20,-7.00
196438,149,29,05,1997,21,-6.00
196439,149,29,05,1997,22,-8.00
196440,149,29,05,1997,23,-6.00
196441,150,30,05,1997,00,-2.00
196442,150,30,05,1997,01,2.00
196443,150,30,05,1997,02,5.00
196444,150,30,05,1997,03,6.00
196445,150,30,05,1997,04,2.00
196446,150,30,05,1997,05,-2.00
196447,150,30,05,1997,06,-4.00
196448,150,30,05,1997,07,1.00
196449,150,30,05,1997,08,2.00
196450,150,30,05,1997,09,4.00
196451,150,30,05,1997,10,5.00
196452,150,30,05,1997,11,3.00
196453,150,30,05,1997,12,-1.00
196454,150,30,05,1997,13,-6.00
196455,150,30,05,1997,14,-7.00
196456,150,30,05,1997,15,-13.00
196457,150,30,05,1997,16,-14.00
196458,150,30,05,1997,17,-18.00
196459,150,30,05,1997,18,-19.00
196460,150,30,05,1997,19,-23.00
196461,150,30,05,1997,20,-26.00
196462,150,30,05,1997,21,-20.00
196463,150,30,05,1997,22,-12.00
196464,150,30,05,1997,23,-7.00
196465,151,31,05,1997,00,-7.00
196466,151,31,05,1997,01,-9.00
196467,151,31,05,1997,02,-11.00
196468,151,31,05,1997,03,-11.00
196469,151,31,05,1997,04,-15.00
196470,151,31,05,1997,05,-13.00
196471,151,31,05,1997,06,-8.00
196472,151,31,05,1997,07,-4.00
196473,151,31,05,1997,08,-3.00
196474,151,31,05,1997,09,-5.00
196475,151,31,05,1997,10,-7.00
196476,151,31,05,1997,11,-8.00
196477,151,31,05,1997,12,-10.00
196478,151,31,05,1997,13,-12.00
196479,151,31,05,1997,14,-14.00
196480,151,31,05,1997,15,-13.00
196481,151,31,05,1997,16,-15.00
196482,151,31,05,1997,17,-10.00
196483,151,31,05,1997,18,-9.00
196484,151,31,05,1997,19,-4.00
196485,151,31,05,1997,20,-8.00
196486,151,31,05,1997,21,-12.00
196487,151,31,05,1997,22,-12.00
196488,151,31,05,1997,23,-14.00
